,PRP$,IN,RB,NN,NNPS,UH,POS,WP,JJ,JJS,.,:,SYM,$,LS,RBR,MD,PDT,-RRB-,CC,TO,VBG,PRP,NNS,WRB,DT,RBS,VBN,JJR,WDT,NNP,",",VB,VBP,VBD,EX,#,-LRB-,RP,WP$,``,FW,'',VBZ,CD
START,0.008501259445843831,0.1309823677581864,0.044710327455919394,0.04376574307304786,0.00283375314861461,0.00031486146095717867,0.00031486146095717867,0.004093198992443325,0.03998740554156172,0.0018891687657430728,0.00031486146095717867,0.0034634760705289686,0.00031486146095717867,0.0018891687657430728,0.0018891687657430728,0.0006297229219143579,0.0006297229219143579,0.001259445843828715,0.00031486146095717867,0.04943324937027707,0.0037783375314861456,0.010705289672544086,0.06045340050377832,0.04659949622166246,0.007241813602015115,0.22386649874055417,0.0009445843828715363,0.008501259445843831,0.0037783375314861456,0.0006297229219143579,0.19899244332493704,0.00031486146095717867,0.004408060453400502,0.00031486146095717867,0.00031486146095717867,0.004408060453400502,0.00031486146095717867,0.00251889168765743,0.00031486146095717867,0.00031486146095717867,0.07241813602015114,0.00031486146095717867,0.0006297229219143579,0.00251889168765743,0.007871536523929468
PRP$,0.0015455950540958264,0.003091190108191653,0.003091190108191653,0.4095826893353941,0.003091190108191653,0.0015455950540958264,0.0015455950540958264,0.0015455950540958264,0.20865533230293665,0.012364760432766613,0.0015455950540958264,0.0015455950540958264,0.0015455950540958264,0.009273570324574962,0.0015455950540958264,0.0015455950540958264,0.0015455950540958264,0.0015455950540958264,0.0015455950540958264,0.0015455950540958264,0.0015455950540958264,0.007727975270479133,0.0015455950540958264,0.19319938176197837,0.0015455950540958264,0.0015455950540958264,0.003091190108191653,0.007727975270479133,0.003091190108191653,0.0015455950540958264,0.0571870170015456,0.0015455950540958264,0.0015455950540958264,0.0015455950540958264,0.0015455950540958264,0.0015455950540958264,0.0015455950540958264,0.003091190108191653,0.0015455950540958264,0.0015455950540958264,0.00463678516228748,0.0015455950540958264,0.0015455950540958264,0.003091190108191653,0.02472952086553323
IN,0.03446099469830852,0.017924766473112856,0.012875536480686693,0.10653875284019189,0.0017672304973491552,0.0001262307498106539,0.0001262307498106539,0.0021459227467811167,0.09707144660439285,0.00454430699318354,0.0035344609946983073,0.0002524614996213078,0.0001262307498106539,0.028528149457207778,0.0001262307498106539,0.0008836152486745775,0.0002524614996213078,0.0010098459984852306,0.0001262307498106539,0.0011360767482958849,0.0021459227467811167,0.03105276445342085,0.03319868720020197,0.06248422115627365,0.0013885382479171932,0.31570310527644535,0.0001262307498106539,0.005680383741479425,0.00694269123958596,0.0034082302448876557,0.1450391315324413,0.00290330724564504,0.0005049229992426157,0.0003786922494319615,0.0012623074981065383,0.0010098459984852306,0.0012623074981065383,0.0001262307498106539,0.0001262307498106539,0.0002524614996213078,0.00694269123958596,0.0002524614996213078,0.0002524614996213078,0.0002524614996213078,0.06374652865438021
RB,0.0013100436681222705,0.11965065502183408,0.06681222707423581,0.015283842794759821,0.0008733624454148475,0.00043668122270742375,0.00043668122270742375,0.002183406113537117,0.09388646288209607,0.0008733624454148475,0.04497816593886463,0.006113537117903928,0.00043668122270742375,0.00873362445414847,0.00043668122270742375,0.007423580786026197,0.010043668122270746,0.0008733624454148475,0.00043668122270742375,0.00873362445414847,0.024890829694323144,0.03362445414847162,0.003930131004366812,0.004366812227074235,0.002183406113537117,0.055021834061135366,0.00043668122270742375,0.0982532751091703,0.017030567685589523,0.0017467248908296937,0.003493449781659388,0.09170305676855897,0.0965065502183406,0.03187772925764193,0.06593886462882095,0.00043668122270742375,0.00043668122270742375,0.0013100436681222705,0.00043668122270742375,0.00043668122270742375,0.0017467248908296937,0.00043668122270742375,0.002183406113537117,0.03973799126637555,0.03187772925764193
NN,0.00047120912260861374,0.2449345019319574,0.01668080294034492,0.12600131938554326,9.424182452172282e-05,9.424182452172282e-05,0.021204410517387615,0.0026387710866082378,0.008576006031476766,0.0002827254735651683,0.10752992177928566,0.014513240976345307,9.424182452172282e-05,0.0005654509471303362,9.424182452172282e-05,0.0008481764206955044,0.014701724625388749,9.424182452172282e-05,0.001696352841391009,0.03911035717651494,0.040429742719819056,0.008293280557911597,0.004335123927999247,0.07935161624729054,0.0018848364904344554,0.007445104137216096,9.424182452172282e-05,0.007539345961737816,0.0020733201394779006,0.008199038733389879,0.0073508623126943735,0.11365564037319761,0.0013193855433041187,0.004052398454434076,0.05079634341720855,0.00018848364904344532,9.424182452172282e-05,0.0015078691923475643,0.0005654509471303362,0.00018848364904344532,0.002921496560173405,0.00018848364904344532,0.006031476769390253,0.045613043068513805,0.005654509471303363
NNPS,0.0042918454935622335,0.07296137339055794,0.00858369098712446,0.021459227467811162,0.012875536480686693,0.0042918454935622335,0.042918454935622324,0.0042918454935622335,0.0042918454935622335,0.0042918454935622335,0.07725321888412019,0.03862660944206009,0.0042918454935622335,0.0042918454935622335,0.0042918454935622335,0.0042918454935622335,0.03862660944206009,0.0042918454935622335,0.00858369098712446,0.0686695278969957,0.00858369098712446,0.0042918454935622335,0.0042918454935622335,0.00858369098712446,0.0042918454935622335,0.0042918454935622335,0.0042918454935622335,0.0042918454935622335,0.0042918454935622335,0.0042918454935622335,0.24463519313304724,0.12446351931330472,0.0042918454935622335,0.03433476394849785,0.03862660944206009,0.0042918454935622335,0.0042918454935622335,0.00858369098712446,0.0042918454935622335,0.0042918454935622335,0.00858369098712446,0.0042918454935622335,0.0042918454935622335,0.021459227467811162,0.0042918454935622335
UH,0.021739130434782608,0.021739130434782608,0.021739130434782608,0.021739130434782608,0.021739130434782608,0.021739130434782608,0.021739130434782608,0.021739130434782608,0.021739130434782608,0.021739130434782608,0.043478260869565216,0.021739130434782608,0.021739130434782608,0.021739130434782608,0.021739130434782608,0.021739130434782608,0.021739130434782608,0.021739130434782608,0.021739130434782608,0.021739130434782608,0.021739130434782608,0.021739130434782608,0.021739130434782608,0.021739130434782608,0.021739130434782608,0.021739130434782608,0.021739130434782608,0.021739130434782608,0.021739130434782608,0.021739130434782608,0.021739130434782608,0.021739130434782608,0.021739130434782608,0.021739130434782608,0.021739130434782608,0.021739130434782608,0.021739130434782608,0.021739130434782608,0.021739130434782608,0.021739130434782608,0.021739130434782608,0.021739130434782608,0.021739130434782608,0.021739130434782608,0.021739130434782608
POS,0.0014084507042253518,0.002816901408450704,0.00704225352112676,0.4,0.00704225352112676,0.0014084507042253518,0.0014084507042253518,0.0014084507042253518,0.18450704225352113,0.022535211267605635,0.009859154929577464,0.0014084507042253518,0.0014084507042253518,0.00704225352112676,0.0014084507042253518,0.0014084507042253518,0.0014084507042253518,0.0014084507042253518,0.002816901408450704,0.004225352112676057,0.0014084507042253518,0.008450704225352114,0.0014084507042253518,0.11549295774647887,0.0014084507042253518,0.0014084507042253518,0.004225352112676057,0.015492957746478872,0.004225352112676057,0.0014084507042253518,0.11408450704225354,0.00704225352112676,0.0014084507042253518,0.0014084507042253518,0.009859154929577464,0.0014084507042253518,0.0014084507042253518,0.0014084507042253518,0.0014084507042253518,0.0014084507042253518,0.009859154929577464,0.0014084507042253518,0.002816901408450704,0.004225352112676057,0.023943661971830982
WP,0.016736401673640166,0.020920502092050205,0.04184100418410041,0.016736401673640166,0.004184100418410041,0.004184100418410041,0.004184100418410041,0.004184100418410041,0.008368200836820081,0.004184100418410041,0.004184100418410041,0.004184100418410041,0.004184100418410041,0.004184100418410041,0.004184100418410041,0.004184100418410041,0.04602510460251047,0.004184100418410041,0.004184100418410041,0.004184100418410041,0.004184100418410041,0.004184100418410041,0.05020920502092051,0.012552301255230125,0.004184100418410041,0.03765690376569037,0.008368200836820081,0.004184100418410041,0.004184100418410041,0.004184100418410041,0.016736401673640166,0.008368200836820081,0.004184100418410041,0.18410041841004182,0.2175732217573222,0.004184100418410041,0.004184100418410041,0.004184100418410041,0.004184100418410041,0.004184100418410041,0.004184100418410041,0.004184100418410041,0.004184100418410041,0.18410041841004182,0.008368200836820081
JJ,0.00021299254526091602,0.05985090521831735,0.0023429179978700742,0.4489882854100106,0.0012779552715654955,0.00021299254526091602,0.00021299254526091602,0.00021299254526091602,0.06368477103301383,0.00021299254526091602,0.02342917997870075,0.0031948881789137388,0.00021299254526091602,0.002129925452609159,0.00021299254526091602,0.0004259850905218317,0.0004259850905218317,0.00021299254526091602,0.00021299254526091602,0.015761448349307778,0.02428115015974441,0.004898828541001064,0.001703940362087327,0.2428115015974441,0.0008519701810436635,0.004685835995740149,0.00021299254526091602,0.0029818956336528225,0.0004259850905218317,0.00021299254526091602,0.034078807241746535,0.026624068157614488,0.00021299254526091602,0.0012779552715654955,0.0012779552715654955,0.00021299254526091602,0.00021299254526091602,0.0008519701810436635,0.0004259850905218317,0.00021299254526091602,0.0023429179978700742,0.00021299254526091602,0.004259850905218318,0.001490947816826411,0.01980830670926518
JJS,0.005263157894736842,0.11578947368421055,0.031578947368421054,0.2263157894736842,0.005263157894736842,0.005263157894736842,0.005263157894736842,0.005263157894736842,0.11052631578947368,0.005263157894736842,0.026315789473684213,0.010526315789473686,0.005263157894736842,0.01578947368421053,0.005263157894736842,0.005263157894736842,0.005263157894736842,0.005263157894736842,0.005263157894736842,0.010526315789473686,0.005263157894736842,0.010526315789473686,0.005263157894736842,0.14736842105263157,0.005263157894736842,0.01578947368421053,0.005263157894736842,0.02105263157894737,0.005263157894736842,0.005263157894736842,0.010526315789473686,0.02105263157894737,0.01578947368421053,0.010526315789473686,0.010526315789473686,0.005263157894736842,0.005263157894736842,0.005263157894736842,0.005263157894736842,0.005263157894736842,0.005263157894736842,0.005263157894736842,0.005263157894736842,0.010526315789473686,0.04210526315789473
.,0.0038610038610038624,0.0038610038610038624,0.0038610038610038624,0.007722007722007719,0.0038610038610038624,0.0038610038610038624,0.0038610038610038624,0.0038610038610038624,0.0038610038610038624,0.0038610038610038624,0.0038610038610038624,0.007722007722007719,0.0038610038610038624,0.0038610038610038624,0.0038610038610038624,0.0038610038610038624,0.0038610038610038624,0.0038610038610038624,0.06563706563706564,0.0038610038610038624,0.0038610038610038624,0.0038610038610038624,0.0038610038610038624,0.0038610038610038624,0.0038610038610038624,0.0038610038610038624,0.0038610038610038624,0.0038610038610038624,0.0038610038610038624,0.0038610038610038624,0.01544401544401544,0.0038610038610038624,0.019305019305019308,0.0038610038610038624,0.0038610038610038624,0.0038610038610038624,0.0038610038610038624,0.02702702702702703,0.0038610038610038624,0.0038610038610038624,0.007722007722007719,0.0038610038610038624,0.7065637065637066,0.0038610038610038624,0.0038610038610038624
:,0.0045351473922902496,0.07482993197278912,0.03628117913832199,0.03854875283446712,0.0022675736961451248,0.0022675736961451248,0.0022675736961451248,0.015873015873015876,0.054421768707483,0.0022675736961451248,0.015873015873015876,0.0022675736961451248,0.0022675736961451248,0.013605442176870753,0.0090702947845805,0.0045351473922902496,0.015873015873015876,0.0022675736961451248,0.0022675736961451248,0.047619047619047616,0.0090702947845805,0.018140589569161,0.03401360544217687,0.03401360544217687,0.0045351473922902496,0.09297052154195012,0.0022675736961451248,0.013605442176870753,0.006802721088435376,0.0045351473922902496,0.2018140589569161,0.0022675736961451248,0.0022675736961451248,0.015873015873015876,0.02267573696145125,0.0045351473922902496,0.0022675736961451248,0.0022675736961451248,0.0022675736961451248,0.0022675736961451248,0.047619047619047616,0.0022675736961451248,0.0022675736961451248,0.011337868480725625,0.10884353741496595
SYM,0.021739130434782608,0.021739130434782608,0.021739130434782608,0.021739130434782608,0.021739130434782608,0.021739130434782608,0.021739130434782608,0.021739130434782608,0.021739130434782608,0.021739130434782608,0.021739130434782608,0.021739130434782608,0.021739130434782608,0.021739130434782608,0.021739130434782608,0.021739130434782608,0.021739130434782608,0.021739130434782608,0.021739130434782608,0.021739130434782608,0.021739130434782608,0.021739130434782608,0.021739130434782608,0.021739130434782608,0.021739130434782608,0.021739130434782608,0.021739130434782608,0.021739130434782608,0.021739130434782608,0.021739130434782608,0.043478260869565216,0.021739130434782608,0.021739130434782608,0.021739130434782608,0.021739130434782608,0.021739130434782608,0.021739130434782608,0.021739130434782608,0.021739130434782608,0.021739130434782608,0.021739130434782608,0.021739130434782608,0.021739130434782608,0.021739130434782608,0.021739130434782608
$,0.0015174506828528073,0.0015174506828528073,0.0015174506828528073,0.0015174506828528073,0.0015174506828528073,0.0015174506828528073,0.0015174506828528073,0.0015174506828528073,0.010622154779969653,0.0015174506828528073,0.0015174506828528073,0.0015174506828528073,0.0015174506828528073,0.0015174506828528073,0.0015174506828528073,0.0015174506828528073,0.0015174506828528073,0.0015174506828528073,0.0015174506828528073,0.0015174506828528073,0.0015174506828528073,0.0015174506828528073,0.0015174506828528073,0.0015174506828528073,0.0015174506828528073,0.0015174506828528073,0.0015174506828528073,0.0015174506828528073,0.0015174506828528073,0.0015174506828528073,0.0015174506828528073,0.0015174506828528073,0.0015174506828528073,0.0015174506828528073,0.0015174506828528073,0.0015174506828528073,0.0015174506828528073,0.0015174506828528073,0.0015174506828528073,0.0015174506828528073,0.0015174506828528073,0.0015174506828528073,0.0015174506828528073,0.0015174506828528073,0.9241274658573596
LS,0.018867924528301883,0.018867924528301883,0.018867924528301883,0.018867924528301883,0.018867924528301883,0.018867924528301883,0.018867924528301883,0.018867924528301883,0.018867924528301883,0.018867924528301883,0.09433962264150943,0.03773584905660377,0.018867924528301883,0.018867924528301883,0.018867924528301883,0.018867924528301883,0.018867924528301883,0.018867924528301883,0.07547169811320754,0.018867924528301883,0.018867924528301883,0.018867924528301883,0.018867924528301883,0.018867924528301883,0.018867924528301883,0.018867924528301883,0.018867924528301883,0.018867924528301883,0.018867924528301883,0.018867924528301883,0.018867924528301883,0.018867924528301883,0.018867924528301883,0.018867924528301883,0.018867924528301883,0.018867924528301883,0.018867924528301883,0.018867924528301883,0.018867924528301883,0.018867924528301883,0.018867924528301883,0.018867924528301883,0.018867924528301883,0.018867924528301883,0.018867924528301883
RBR,0.006369426751592359,0.178343949044586,0.08280254777070063,0.006369426751592359,0.006369426751592359,0.006369426751592359,0.006369426751592359,0.006369426751592359,0.28662420382165604,0.006369426751592359,0.03184713375796178,0.01273885350318472,0.006369426751592359,0.006369426751592359,0.006369426751592359,0.006369426751592359,0.006369426751592359,0.006369426751592359,0.006369426751592359,0.019108280254777066,0.019108280254777066,0.01273885350318472,0.006369426751592359,0.006369426751592359,0.006369426751592359,0.03821656050955414,0.006369426751592359,0.03184713375796178,0.006369426751592359,0.006369426751592359,0.006369426751592359,0.025477707006369428,0.025477707006369428,0.01273885350318472,0.01273885350318472,0.006369426751592359,0.006369426751592359,0.01273885350318472,0.006369426751592359,0.006369426751592359,0.006369426751592359,0.006369426751592359,0.006369426751592359,0.01273885350318472,0.006369426751592359
MD,0.0012722646310432569,0.0012722646310432569,0.14631043256997456,0.0012722646310432569,0.0012722646310432569,0.0012722646310432569,0.0012722646310432569,0.0012722646310432569,0.0012722646310432569,0.002544529262086514,0.0012722646310432569,0.0012722646310432569,0.0012722646310432569,0.0012722646310432569,0.0012722646310432569,0.002544529262086514,0.0012722646310432569,0.0012722646310432569,0.0012722646310432569,0.0012722646310432569,0.003816793893129772,0.002544529262086514,0.002544529262086514,0.002544529262086514,0.0012722646310432569,0.0063613231552162855,0.0012722646310432569,0.0012722646310432569,0.0012722646310432569,0.0012722646310432569,0.002544529262086514,0.003816793893129772,0.7786259541984732,0.0012722646310432569,0.0012722646310432569,0.0012722646310432569,0.0012722646310432569,0.0012722646310432569,0.0012722646310432569,0.0012722646310432569,0.003816793893129772,0.0012722646310432569,0.0012722646310432569,0.0012722646310432569,0.0012722646310432569
PDT,0.030303030303030304,0.015151515151515157,0.015151515151515157,0.015151515151515157,0.015151515151515157,0.015151515151515157,0.015151515151515157,0.015151515151515157,0.015151515151515157,0.015151515151515157,0.015151515151515157,0.015151515151515157,0.015151515151515157,0.015151515151515157,0.015151515151515157,0.015151515151515157,0.015151515151515157,0.015151515151515157,0.015151515151515157,0.015151515151515157,0.015151515151515157,0.015151515151515157,0.015151515151515157,0.015151515151515157,0.015151515151515157,0.3181818181818182,0.015151515151515157,0.015151515151515157,0.015151515151515157,0.015151515151515157,0.015151515151515157,0.015151515151515157,0.015151515151515157,0.015151515151515157,0.015151515151515157,0.015151515151515157,0.015151515151515157,0.015151515151515157,0.015151515151515157,0.015151515151515157,0.015151515151515157,0.015151515151515157,0.015151515151515157,0.015151515151515157,0.015151515151515157
-RRB-,0.007194244604316549,0.07194244604316546,0.050359712230215826,0.03597122302158273,0.007194244604316549,0.007194244604316549,0.007194244604316549,0.007194244604316549,0.021582733812949645,0.007194244604316549,0.10071942446043167,0.07194244604316546,0.007194244604316549,0.007194244604316549,0.007194244604316549,0.007194244604316549,0.021582733812949645,0.007194244604316549,0.007194244604316549,0.04316546762589929,0.03597122302158273,0.007194244604316549,0.014388489208633098,0.007194244604316549,0.007194244604316549,0.03597122302158273,0.007194244604316549,0.007194244604316549,0.007194244604316549,0.007194244604316549,0.021582733812949645,0.158273381294964,0.007194244604316549,0.021582733812949645,0.04316546762589929,0.007194244604316549,0.007194244604316549,0.007194244604316549,0.007194244604316549,0.007194244604316549,0.014388489208633098,0.007194244604316549,0.007194244604316549,0.02877697841726619,0.014388489208633098
CC,0.014681892332789565,0.05328983143012506,0.050570962479608475,0.12398042414355631,0.0027188689505165866,0.0005437737901033168,0.0005437737901033168,0.0021750951604132675,0.10494834148994019,0.003262642740619902,0.0005437737901033168,0.0010875475802066335,0.0005437737901033168,0.01848830886351278,0.0005437737901033168,0.0016313213703099507,0.013050570962479609,0.0005437737901033168,0.0010875475802066335,0.0005437737901033168,0.007069059271343121,0.023926046764545954,0.040783034257748776,0.06579662860250138,0.003262642740619902,0.10766721044045675,0.0005437737901033168,0.015769439912996196,0.010875475802066338,0.0010875475802066335,0.15225666122892872,0.010331702011963026,0.03317020119630234,0.011963023382272972,0.04350190320826536,0.004893964110929854,0.0005437737901033168,0.0005437737901033168,0.0005437737901033168,0.0005437737901033168,0.00598151169113649,0.0005437737901033168,0.0005437737901033168,0.020663404023926052,0.042414355628058724
TO,0.014582164890633763,0.005608524957936066,0.007851934941110484,0.02748177229388671,0.0005608524957936064,0.0005608524957936064,0.0005608524957936064,0.0005608524957936064,0.02804262478968032,0.0005608524957936064,0.001121704991587213,0.0005608524957936064,0.0005608524957936064,0.03365114974761638,0.0005608524957936064,0.002243409983174426,0.0005608524957936064,0.0005608524957936064,0.0005608524957936064,0.001121704991587213,0.0005608524957936064,0.007851934941110484,0.005608524957936066,0.0263600673022995,0.001121704991587213,0.12675266404935498,0.0005608524957936064,0.0016825574873808183,0.0044868199663488486,0.0005608524957936064,0.042624789680314086,0.001121704991587213,0.5664610207515424,0.0005608524957936064,0.0005608524957936064,0.0005608524957936064,0.003925967470555246,0.0005608524957936064,0.0005608524957936064,0.0005608524957936064,0.005047672462142457,0.0005608524957936064,0.0005608524957936064,0.0005608524957936064,0.07234997195737522
VBG,0.021897810218978107,0.12733171127331708,0.03406326034063261,0.1467964314679643,0.0016220600162206004,0.0008110300081103002,0.0008110300081103002,0.0032441200324412013,0.07461476074614759,0.0008110300081103002,0.0154095701540957,0.0032441200324412013,0.0008110300081103002,0.0072992700729927,0.0008110300081103002,0.004866180048661799,0.0008110300081103002,0.0016220600162206004,0.0016220600162206004,0.014598540145985401,0.0884022708840227,0.004055150040551501,0.023519870235198706,0.0884022708840227,0.0008110300081103002,0.1873479318734793,0.0016220600162206004,0.017842660178426607,0.016220600162205993,0.0008110300081103002,0.03406326034063261,0.017842660178426607,0.0016220600162206004,0.0008110300081103002,0.002433090024330901,0.0008110300081103002,0.0008110300081103002,0.0008110300081103002,0.019464720194647206,0.0008110300081103002,0.0032441200324412013,0.0008110300081103002,0.0016220600162206004,0.0016220600162206004,0.021086780210867805
PRP,0.0007092198581560281,0.030496453900709222,0.04751773049645391,0.003546099290780141,0.0007092198581560281,0.0007092198581560281,0.0007092198581560281,0.0007092198581560281,0.006382978723404257,0.0007092198581560281,0.031914893617021274,0.0014184397163120564,0.0007092198581560281,0.0007092198581560281,0.0007092198581560281,0.0007092198581560281,0.12198581560283685,0.0007092198581560281,0.0014184397163120564,0.010638297872340427,0.020567375886524818,0.002836879432624113,0.003546099290780141,0.0014184397163120564,0.0007092198581560281,0.009929078014184396,0.0007092198581560281,0.00425531914893617,0.004964539007092197,0.0014184397163120564,0.002836879432624113,0.021276595744680854,0.009929078014184396,0.17801418439716313,0.25390070921985813,0.0007092198581560281,0.0007092198581560281,0.002836879432624113,0.003546099290780141,0.0007092198581560281,0.007092198581560283,0.0007092198581560281,0.0007092198581560281,0.20212765957446807,0.0014184397163120564
NNS,0.0006220194899440182,0.2396848434584284,0.024051420277835373,0.021978021978021976,0.00020733982998133937,0.00020733982998133937,0.009744972009122948,0.009330292349160278,0.018867924528301883,0.00020733982998133937,0.12606261662865437,0.016794526228488493,0.00020733982998133937,0.0008293593199253576,0.00020733982998133937,0.0016587186398507154,0.027161517727555456,0.00020733982998133937,0.002280738129794733,0.05743313290483103,0.03815052871656645,0.01244038979888037,0.006842214389384202,0.013684428778768404,0.002695417789757413,0.01409910843873108,0.00041467965996267874,0.017831225378395193,0.002695417789757413,0.01451378809869376,0.0016587186398507154,0.12191582002902758,0.004768816089570805,0.09060750570184532,0.07754509641302094,0.00020733982998133937,0.00020733982998133937,0.003524777109682769,0.0006220194899440182,0.0008293593199253576,0.0018660584698320553,0.00020733982998133937,0.003939456769645451,0.008915612689197596,0.002073398299813394
WRB,0.011111111111111112,0.01666666666666667,0.02777777777777778,0.03333333333333333,0.005555555555555555,0.005555555555555555,0.005555555555555555,0.005555555555555555,0.08333333333333333,0.005555555555555555,0.005555555555555555,0.005555555555555555,0.005555555555555555,0.005555555555555555,0.005555555555555555,0.005555555555555555,0.005555555555555555,0.011111111111111112,0.005555555555555555,0.005555555555555555,0.011111111111111112,0.011111111111111112,0.12777777777777777,0.06666666666666667,0.005555555555555555,0.24444444444444446,0.011111111111111112,0.038888888888888896,0.005555555555555555,0.005555555555555555,0.06666666666666667,0.005555555555555555,0.005555555555555555,0.01666666666666667,0.01666666666666667,0.011111111111111112,0.005555555555555555,0.005555555555555555,0.005555555555555555,0.005555555555555555,0.011111111111111112,0.005555555555555555,0.005555555555555555,0.02777777777777778,0.01666666666666667
DT,0.00030478512648582774,0.010819871990246874,0.009143553794574828,0.47180737580006094,0.003505028954587015,0.00015239256324291384,0.00015239256324291384,0.00121914050594331,0.19765315452605914,0.01005790917403231,0.001066747942700396,0.00030478512648582774,0.00015239256324291384,0.009753124047546483,0.00015239256324291384,0.001981103322157879,0.0013715330691862243,0.00015239256324291384,0.00030478512648582774,0.0006095702529716549,0.00045717768972874126,0.01127704967997562,0.00121914050594331,0.07558671136848523,0.00015239256324291384,0.001676318195672051,0.0022858884486437066,0.010972264553489788,0.006095702529716551,0.0006095702529716549,0.12572386467540383,0.0015239256324291375,0.00015239256324291384,0.0013715330691862243,0.0018287107589149655,0.00015239256324291384,0.00015239256324291384,0.0006095702529716549,0.00015239256324291384,0.00015239256324291384,0.007010057909174031,0.00030478512648582774,0.00030478512648582774,0.005943309966473634,0.02362084730265163
RBS,0.013698630136986304,0.04109589041095891,0.08219178082191782,0.013698630136986304,0.013698630136986304,0.013698630136986304,0.013698630136986304,0.013698630136986304,0.2876712328767123,0.013698630136986304,0.013698630136986304,0.013698630136986304,0.013698630136986304,0.013698630136986304,0.013698630136986304,0.013698630136986304,0.013698630136986304,0.013698630136986304,0.013698630136986304,0.013698630136986304,0.013698630136986304,0.013698630136986304,0.013698630136986304,0.013698630136986304,0.013698630136986304,0.013698630136986304,0.013698630136986304,0.027397260273972598,0.013698630136986304,0.013698630136986304,0.013698630136986304,0.013698630136986304,0.013698630136986304,0.013698630136986304,0.013698630136986304,0.013698630136986304,0.013698630136986304,0.013698630136986304,0.013698630136986304,0.013698630136986304,0.013698630136986304,0.013698630136986304,0.013698630136986304,0.013698630136986304,0.013698630136986304
VBN,0.012694748990190427,0.3571840738603578,0.045008655510675136,0.06693594922100404,0.0005770340450086556,0.0005770340450086556,0.0005770340450086556,0.0023081361800346228,0.05020196191575304,0.0005770340450086556,0.0530871321407963,0.005770340450086557,0.0005770340450086556,0.015002885170225041,0.0005770340450086556,0.003462204270051932,0.0011540680900173114,0.0005770340450086556,0.0005770340450086556,0.013271783035199079,0.09694171956145413,0.020196191575302943,0.009232544720138486,0.037507212925562604,0.0023081361800346228,0.06635891517599538,0.0011540680900173114,0.02827466820542412,0.005193306405077899,0.0005770340450086556,0.017888055395268325,0.03346797461050202,0.0011540680900173114,0.0017311021350259659,0.0023081361800346228,0.0005770340450086556,0.0005770340450086556,0.0005770340450086556,0.01384881708020773,0.0005770340450086556,0.009232544720138486,0.0005770340450086556,0.00403923831506059,0.0011540680900173114,0.01384881708020773
JJR,0.002840909090909092,0.2897727272727273,0.005681818181818185,0.17613636363636365,0.002840909090909092,0.002840909090909092,0.002840909090909092,0.002840909090909092,0.0625,0.002840909090909092,0.059659090909090905,0.005681818181818185,0.002840909090909092,0.005681818181818185,0.002840909090909092,0.002840909090909092,0.002840909090909092,0.002840909090909092,0.002840909090909092,0.03409090909090909,0.02272727272727273,0.005681818181818185,0.002840909090909092,0.17045454545454541,0.002840909090909092,0.019886363636363636,0.002840909090909092,0.005681818181818185,0.002840909090909092,0.002840909090909092,0.014204545454545449,0.02840909090909091,0.005681818181818185,0.002840909090909092,0.005681818181818185,0.002840909090909092,0.002840909090909092,0.002840909090909092,0.002840909090909092,0.002840909090909092,0.002840909090909092,0.002840909090909092,0.002840909090909092,0.002840909090909092,0.005681818181818185
WDT,0.0025641025641025637,0.010256410256410258,0.058974358974358966,0.010256410256410258,0.0025641025641025637,0.0025641025641025637,0.0025641025641025637,0.0025641025641025637,0.015384615384615389,0.0025641025641025637,0.0025641025641025637,0.005128205128205128,0.0025641025641025637,0.0025641025641025637,0.0025641025641025637,0.005128205128205128,0.1153846153846154,0.0025641025641025637,0.0025641025641025637,0.0025641025641025637,0.005128205128205128,0.0025641025641025637,0.03846153846153846,0.01794871794871795,0.0025641025641025637,0.025641025641025644,0.0025641025641025637,0.005128205128205128,0.0025641025641025637,0.0025641025641025637,0.010256410256410258,0.005128205128205128,0.0025641025641025637,0.15897435897435896,0.18205128205128204,0.0025641025641025637,0.0025641025641025637,0.0025641025641025637,0.0025641025641025637,0.0025641025641025637,0.005128205128205128,0.0025641025641025637,0.0025641025641025637,0.25384615384615383,0.005128205128205128
NNP,0.0001331380641725469,0.04153907602183464,0.007588869657835175,0.056450539209159885,0.017041672214086,0.0001331380641725469,0.05125815470643056,0.0009319664492078285,0.009186526427905739,0.0001331380641725469,0.05112501664225801,0.006923179336972438,0.00026627612834509385,0.00039941419251764083,0.0001331380641725469,0.0001331380641725469,0.01131673545466649,0.0001331380641725469,0.0033284516043136734,0.038610038610038616,0.00705631740114499,0.0010651045133803756,0.0007988283850352818,0.02250033284516043,0.00026627612834509385,0.002529623219278391,0.0001331380641725469,0.0007988283850352818,0.00026627612834509385,0.0006656903208627346,0.38050858740513915,0.15310877379842897,0.0007988283850352818,0.0031953135401411275,0.06537078950872055,0.0001331380641725469,0.0001331380641725469,0.002662761283450939,0.0001331380641725469,0.0001331380641725469,0.0010651045133803756,0.0001331380641725469,0.0033284516043136734,0.03647982958327786,0.01997070962588204
",",0.0027721774193548397,0.07384072580645162,0.05947580645161292,0.04939516129032257,0.0005040322580645163,0.0002520161290322581,0.0002520161290322581,0.011340725806451615,0.04183467741935483,0.0010080645161290318,0.0002520161290322581,0.0002520161290322581,0.0002520161290322581,0.01310483870967742,0.0002520161290322581,0.000756048387096774,0.012096774193548387,0.0002520161290322581,0.0002520161290322581,0.08089717741935486,0.008064516129032256,0.04183467741935483,0.03830645161290322,0.02746975806451613,0.0073084677419354835,0.1358366935483871,0.000756048387096774,0.026713709677419355,0.001764112903225807,0.03427419354838709,0.13482862903225806,0.0002520161290322581,0.00378024193548387,0.008316532258064514,0.0546875,0.0045362903225806455,0.0002520161290322581,0.000756048387096774,0.0002520161290322581,0.000756048387096774,0.01360887096774194,0.0005040322580645163,0.05393145161290322,0.02721774193548387,0.02494959677419355
VB,0.04110898661567878,0.10707456978967496,0.037284894837476094,0.06739961759082219,0.0014340344168260037,0.0004780114722753348,0.0004780114722753348,0.003346080305927341,0.08699808795411092,0.0009560229445506689,0.023900573613766726,0.0028680688336520073,0.0004780114722753348,0.0109942638623327,0.0004780114722753348,0.00956022944550669,0.0009560229445506689,0.0028680688336520073,0.0014340344168260037,0.008604206500956025,0.037284894837476094,0.01577437858508604,0.03298279158699808,0.04588910133843213,0.001912045889101338,0.22848948374760994,0.0014340344168260037,0.09369024856596558,0.007170172084130019,0.0014340344168260037,0.03632887189292543,0.019598470363288722,0.00908221797323136,0.0014340344168260037,0.001912045889101338,0.0009560229445506689,0.0004780114722753348,0.002390057361376672,0.02103250478011472,0.0004780114722753348,0.0057361376673040155,0.0004780114722753348,0.001912045889101338,0.0004780114722753348,0.022944550669216066
VBP,0.010018214936247724,0.11202185792349728,0.1347905282331512,0.026411657559198547,0.0009107468123861568,0.0009107468123861568,0.0009107468123861568,0.0018214936247723135,0.07103825136612021,0.0009107468123861568,0.022768670309653915,0.0018214936247723135,0.0009107468123861568,0.0036429872495446275,0.0009107468123861568,0.005464480874316937,0.002732240437158471,0.0018214936247723135,0.0009107468123861568,0.0036429872495446275,0.06284153005464481,0.0819672131147541,0.03551912568306011,0.021857923497267763,0.002732240437158471,0.12021857923497266,0.0009107468123861568,0.16575591985428054,0.008196721311475409,0.0018214936247723135,0.025500910746812384,0.023679417122040077,0.002732240437158471,0.0018214936247723135,0.0018214936247723135,0.0018214936247723135,0.0009107468123861568,0.0036429872495446275,0.010928961748633876,0.0009107468123861568,0.006375227686703098,0.0009107468123861568,0.0018214936247723135,0.002732240437158471,0.008196721311475409
VBD,0.022655007949125595,0.12241653418124004,0.07670906200317965,0.03696343402225756,0.0003974562798092211,0.0003974562798092211,0.0003974562798092211,0.0011923688394276627,0.04968203497615263,0.0007949125596184422,0.05127186009538951,0.0015898251192368847,0.0003974562798092211,0.015500794912559622,0.0003974562798092211,0.003974562798092209,0.0007949125596184422,0.0007949125596184422,0.0003974562798092211,0.003179650238473767,0.0588235294117647,0.02384737678855326,0.06677265500794913,0.02543720190779014,0.002782193958664546,0.16454689984101747,0.0003974562798092211,0.09578696343402227,0.007551669316375199,0.0003974562798092211,0.05922098569157392,0.01748807631160572,0.004372019077901429,0.0003974562798092211,0.001987281399046104,0.001987281399046104,0.0007949125596184422,0.0007949125596184422,0.0170906200317965,0.0003974562798092211,0.004372019077901429,0.0003974562798092211,0.0007949125596184422,0.0007949125596184422,0.052861685214626405
EX,0.008849557522123892,0.008849557522123892,0.026548672566371685,0.008849557522123892,0.008849557522123892,0.008849557522123892,0.008849557522123892,0.008849557522123892,0.008849557522123892,0.008849557522123892,0.008849557522123892,0.008849557522123892,0.008849557522123892,0.008849557522123892,0.008849557522123892,0.008849557522123892,0.035398230088495575,0.008849557522123892,0.008849557522123892,0.008849557522123892,0.008849557522123892,0.008849557522123892,0.008849557522123892,0.008849557522123892,0.008849557522123892,0.008849557522123892,0.008849557522123892,0.008849557522123892,0.008849557522123892,0.008849557522123892,0.008849557522123892,0.008849557522123892,0.008849557522123892,0.13274336283185842,0.08849557522123894,0.008849557522123892,0.008849557522123892,0.008849557522123892,0.008849557522123892,0.008849557522123892,0.008849557522123892,0.008849557522123892,0.008849557522123892,0.3628318584070797,0.008849557522123892
#,0.016393442622950817,0.016393442622950817,0.016393442622950817,0.016393442622950817,0.016393442622950817,0.016393442622950817,0.016393442622950817,0.016393442622950817,0.016393442622950817,0.016393442622950817,0.016393442622950817,0.016393442622950817,0.016393442622950817,0.016393442622950817,0.016393442622950817,0.016393442622950817,0.016393442622950817,0.016393442622950817,0.016393442622950817,0.016393442622950817,0.016393442622950817,0.016393442622950817,0.016393442622950817,0.016393442622950817,0.016393442622950817,0.016393442622950817,0.016393442622950817,0.016393442622950817,0.016393442622950817,0.016393442622950817,0.016393442622950817,0.016393442622950817,0.016393442622950817,0.016393442622950817,0.016393442622950817,0.016393442622950817,0.016393442622950817,0.016393442622950817,0.016393442622950817,0.016393442622950817,0.016393442622950817,0.016393442622950817,0.016393442622950817,0.016393442622950817,0.2786885245901639
-LRB-,0.006944444444444444,0.0625,0.02083333333333333,0.041666666666666664,0.006944444444444444,0.006944444444444444,0.006944444444444444,0.006944444444444444,0.02777777777777778,0.006944444444444444,0.006944444444444444,0.006944444444444444,0.006944444444444444,0.11805555555555555,0.006944444444444444,0.006944444444444444,0.013888888888888888,0.006944444444444444,0.006944444444444444,0.02083333333333333,0.006944444444444444,0.02083333333333333,0.02777777777777778,0.02777777777777778,0.006944444444444444,0.06944444444444445,0.006944444444444444,0.013888888888888888,0.013888888888888888,0.006944444444444444,0.2569444444444444,0.006944444444444444,0.006944444444444444,0.006944444444444444,0.006944444444444444,0.006944444444444444,0.006944444444444444,0.006944444444444444,0.006944444444444444,0.006944444444444444,0.006944444444444444,0.006944444444444444,0.006944444444444444,0.006944444444444444,0.05555555555555554
RP,0.051886792452830205,0.23113207547169812,0.023584905660377364,0.051886792452830205,0.004716981132075472,0.004716981132075472,0.004716981132075472,0.004716981132075472,0.05660377358490567,0.004716981132075472,0.04245283018867924,0.004716981132075472,0.004716981132075472,0.01415094339622642,0.004716981132075472,0.004716981132075472,0.004716981132075472,0.004716981132075472,0.004716981132075472,0.01415094339622642,0.05660377358490567,0.01415094339622642,0.009433962264150945,0.03773584905660377,0.004716981132075472,0.16037735849056603,0.004716981132075472,0.004716981132075472,0.009433962264150945,0.004716981132075472,0.028301886792452834,0.023584905660377364,0.004716981132075472,0.004716981132075472,0.004716981132075472,0.004716981132075472,0.004716981132075472,0.004716981132075472,0.004716981132075472,0.004716981132075472,0.01415094339622642,0.004716981132075472,0.01415094339622642,0.004716981132075472,0.023584905660377364
WP$,0.018518518518518517,0.018518518518518517,0.018518518518518517,0.11111111111111109,0.018518518518518517,0.018518518518518517,0.018518518518518517,0.018518518518518517,0.037037037037037035,0.018518518518518517,0.018518518518518517,0.018518518518518517,0.018518518518518517,0.018518518518518517,0.018518518518518517,0.018518518518518517,0.018518518518518517,0.018518518518518517,0.018518518518518517,0.018518518518518517,0.018518518518518517,0.018518518518518517,0.018518518518518517,0.07407407407407407,0.018518518518518517,0.018518518518518517,0.018518518518518517,0.018518518518518517,0.018518518518518517,0.018518518518518517,0.018518518518518517,0.018518518518518517,0.018518518518518517,0.018518518518518517,0.018518518518518517,0.018518518518518517,0.018518518518518517,0.018518518518518517,0.018518518518518517,0.018518518518518517,0.018518518518518517,0.018518518518518517,0.018518518518518517,0.018518518518518517,0.018518518518518517
``,0.004870129870129869,0.061688311688311674,0.07954545454545456,0.09253246753246754,0.001623376623376624,0.0032467532467532483,0.001623376623376624,0.011363636363636359,0.11038961038961041,0.001623376623376624,0.001623376623376624,0.001623376623376624,0.001623376623376624,0.001623376623376624,0.001623376623376624,0.001623376623376624,0.012987012987012983,0.001623376623376624,0.001623376623376624,0.02272727272727273,0.009740259740259738,0.014610389610389612,0.15584415584415584,0.029220779220779227,0.011363636363636359,0.1623376623376623,0.001623376623376624,0.01785714285714285,0.001623376623376624,0.001623376623376624,0.06818181818181818,0.001623376623376624,0.027597402597402596,0.01623376623376623,0.009740259740259738,0.0211038961038961,0.001623376623376624,0.001623376623376624,0.001623376623376624,0.001623376623376624,0.001623376623376624,0.001623376623376624,0.001623376623376624,0.01785714285714285,0.0032467532467532483
FW,0.020408163265306117,0.020408163265306117,0.020408163265306117,0.040816326530612235,0.020408163265306117,0.020408163265306117,0.020408163265306117,0.020408163265306117,0.020408163265306117,0.020408163265306117,0.020408163265306117,0.020408163265306117,0.020408163265306117,0.020408163265306117,0.020408163265306117,0.020408163265306117,0.020408163265306117,0.020408163265306117,0.040816326530612235,0.020408163265306117,0.020408163265306117,0.020408163265306117,0.020408163265306117,0.020408163265306117,0.020408163265306117,0.020408163265306117,0.020408163265306117,0.020408163265306117,0.020408163265306117,0.020408163265306117,0.020408163265306117,0.020408163265306117,0.020408163265306117,0.020408163265306117,0.020408163265306117,0.020408163265306117,0.020408163265306117,0.020408163265306117,0.020408163265306117,0.020408163265306117,0.020408163265306117,0.020408163265306117,0.020408163265306117,0.061224489795918366,0.020408163265306117
'',0.002403846153846154,0.13942307692307693,0.012019230769230772,0.060096153846153834,0.002403846153846154,0.002403846153846154,0.002403846153846154,0.002403846153846154,0.004807692307692308,0.002403846153846154,0.004807692307692308,0.007211538461538464,0.002403846153846154,0.002403846153846154,0.002403846153846154,0.002403846153846154,0.004807692307692308,0.002403846153846154,0.004807692307692308,0.04326923076923076,0.01682692307692308,0.019230769230769235,0.10336538461538461,0.028846153846153848,0.004807692307692308,0.0625,0.002403846153846154,0.009615384615384618,0.004807692307692308,0.01682692307692308,0.09615384615384615,0.002403846153846154,0.009615384615384618,0.007211538461538464,0.10576923076923075,0.002403846153846154,0.002403846153846154,0.014423076923076929,0.002403846153846154,0.004807692307692308,0.002403846153846154,0.002403846153846154,0.012019230769230772,0.15625,0.002403846153846154
VBZ,0.011124121779859488,0.08665105386416863,0.13231850117096017,0.04156908665105387,0.0005854800936768148,0.0005854800936768148,0.0005854800936768148,0.0017564402810304447,0.06557377049180328,0.0011709601873536295,0.029859484777517563,0.00702576112412178,0.0005854800936768148,0.005854800936768149,0.0005854800936768148,0.004098360655737703,0.0011709601873536295,0.0011709601873536295,0.0005854800936768148,0.0023419203747072595,0.05327868852459015,0.05796252927400468,0.026346604215456672,0.014051522248243561,0.004683840749414519,0.1563231850117096,0.0005854800936768148,0.1522248243559719,0.007611241217798595,0.0005854800936768148,0.05737704918032786,0.021662763466042154,0.0023419203747072595,0.0005854800936768148,0.0023419203747072595,0.0017564402810304447,0.0005854800936768148,0.0005854800936768148,0.008196721311475409,0.0005854800936768148,0.014051522248243561,0.0005854800936768148,0.0017564402810304447,0.0023419203747072595,0.016393442622950817
CD,0.0003367003367003369,0.08653198653198653,0.00404040404040404,0.20404040404040405,0.0003367003367003369,0.0003367003367003369,0.00101010101010101,0.00101010101010101,0.038383838383838374,0.0013468013468013464,0.08047138047138047,0.015151515151515157,0.0003367003367003369,0.0003367003367003369,0.0003367003367003369,0.00101010101010101,0.0037037037037037025,0.0003367003367003369,0.007744107744107741,0.02121212121212121,0.03602693602693603,0.0023569023569023563,0.0023569023569023563,0.13636363636363635,0.0006734006734006732,0.026262626262626262,0.0003367003367003369,0.003030303030303031,0.00202020202020202,0.0023569023569023563,0.015151515151515157,0.09259259259259259,0.0003367003367003369,0.0033670033670033664,0.005723905723905722,0.0003367003367003369,0.0003367003367003369,0.0026936026936026933,0.0003367003367003369,0.0006734006734006732,0.0006734006734006732,0.0003367003367003369,0.0013468013468013464,0.0037037037037037025,0.19259259259259257
